university,level,award_type,name,college,campuses,double_degree,url
Flinders University,Undergraduate,Associate Degree,Associate Degree in Disability and Community Practice,College of Nursing and Health Sciences,Online;Bedford Park,false,https://www.flinders.edu.au/study/courses/associate-degree-disability-community-practice
Flinders University,Undergraduate,Associate Degree,Associate Degree in Health Sciences,College of Nursing and Health Sciences,Bedford Park;City,false,https://www.flinders.edu.au/study/courses/associate-degree-health-sciences
Flinders University,Undergraduate,Associate Degree,Associate Degree in Medical Science (Laboratory Medicine),College of Medicine and Public Health,Bedford Park,false,https://www.flinders.edu.au/study/courses/associate-degree-medical-science-laboratory-medicine
Flinders University,Undergraduate,Bachelor,Bachelor of Accounting,"College of Business, Government and Law",Bedford Park;City;Online,false,https://www.flinders.edu.au/study/courses/bachelor-accounting
Flinders University,Undergraduate,Bachelor,Bachelor of Archaeology,"College of Humanities, Arts and Social Sciences",Bedford Park,false,https://www.flinders.edu.au/study/courses/bachelor-archaeology
Flinders University,Undergraduate,Bachelor,Bachelor of Arts,"College of Humanities, Arts and Social Sciences",Bedford Park;Online,false,https://www.flinders.edu.au/study/courses/bachelor-arts
Flinders University,Undergraduate,Bachelor,Bachelor of Arts and Science,College of Science and Engineering,Bedford Park,false,https://www.flinders.edu.au/study/courses/bachelor-arts-science
Flinders University,Undergraduate,Bachelor,Bachelor of Business,"College of Business, Government and Law",Bedford Park;City;Online,false,https://www.flinders.edu.au/study/courses/bachelor-business
Flinders University,Undergraduate,Bachelor,Bachelor of Business Analytics,"College of Business, Government and Law",Bedford Park;City,false,https://www.flinders.edu.au/study/courses/bachelor-business-analytics
Flinders University,Undergraduate,Bachelor,"Bachelor of Clinical Sciences, Doctor of Medicine",College of Medicine and Public Health,Bedford Park,true,https://www.flinders.edu.au/study/courses/bachelor-clinical-sciences-doctor-medicine
Flinders University,Undergraduate,Bachelor,Bachelor of Commerce,"College of Business, Government and Law",Bedford Park;City;Online,false,https://www.flinders.edu.au/study/courses/bachelor-commerce
Flinders University,Undergraduate,Bachelor,Bachelor of Computer Science,College of Science and Engineering,Tonsley;City,false,https://www.flinders.edu.au/study/courses/bachelor-computer-science
Flinders University,Undergraduate,Bachelor,Bachelor of Computer Science (Artificial Intelligence),College of Science and Engineering,Tonsley;City,false,https://www.flinders.edu.au/study/courses/bachelor-computer-science-artificial-intelligence
Flinders University,Undergraduate,Bachelor,Bachelor of Creative Arts (Costume Design),"College of Humanities, Arts and Social Sciences",Adelaide CBD;City (some topics),false,https://www.flinders.edu.au/study/courses/bachelor-creative-arts-costume-design
Flinders University,Undergraduate,Bachelor,Bachelor of Creative Arts (Dance),"College of Humanities, Arts and Social Sciences",Adelaide CBD;City (some topics);Bedford Park,false,https://www.flinders.edu.au/study/courses/bachelor-creative-arts-dance
Flinders University,Undergraduate,Bachelor,Bachelor of Creative Arts (Fashion),"College of Humanities, Arts and Social Sciences",Adelaide CBD;City (some topics),false,https://www.flinders.edu.au/study/courses/bachelor-creative-arts-fashion
Flinders University,Undergraduate,Bachelor,Bachelor of Creative Arts (Interior Design),"College of Humanities, Arts and Social Sciences",City,false,https://www.flinders.edu.au/study/courses/bachelor-creative-arts-interior-design
Flinders University,Undergraduate,Bachelor,Bachelor of Creative Arts (Visual Arts),"College of Humanities, Arts and Social Sciences",Adelaide CBD;City (some topics);Bedford Park,false,https://www.flinders.edu.au/study/courses/bachelor-creative-arts-visual-arts
Flinders University,Undergraduate,Bachelor,Bachelor of Creative Writing,"College of Humanities, Arts and Social Sciences",Bedford Park,false,https://www.flinders.edu.au/study/courses/bachelor-creative-writing
Flinders University,Undergraduate,Bachelor,Bachelor of Criminology,"College of Business, Government and Law",Bedford Park;City,false,https://www.flinders.edu.au/study/courses/bachelor-criminology
Flinders University,Undergraduate,Bachelor,Bachelor of Criminology (Honours),"College of Business, Government and Law",Bedford Park;City,false,https://www.flinders.edu.au/study/courses/bachelor-criminology-honours
Flinders University,Undergraduate,Bachelor,Bachelor of Cybersecurity,College of Science and Engineering,City,false,https://www.flinders.edu.au/study/courses/bachelor-cybersecurity
Flinders University,Undergraduate,Bachelor,Bachelor of Disability and Community Inclusion,College of Nursing and Health Sciences,Bedford Park;City,false,https://www.flinders.edu.au/study/courses/bachelor-disability-community-inclusion
Flinders University,Undergraduate,Bachelor,Bachelor of Disability and Developmental Education,College of Nursing and Health Sciences,Bedford Park,false,https://www.flinders.edu.au/study/courses/bachelor-disability-developmental-education
Flinders University,Undergraduate,Bachelor,Bachelor of Early Childhood Education (Birth - 5),"College of Education, Psychology and Social Work",Bedford Park;City,false,https://www.flinders.edu.au/study/courses/bachelor-early-childhood-education-birth-5
Flinders University,Undergraduate,Bachelor,Bachelor of Early Childhood Education (Birth - 8),"College of Education, Psychology and Social Work",Bedford Park;City,false,https://www.flinders.edu.au/study/courses/bachelor-early-childhood-education-birth-8
Flinders University,Undergraduate,Bachelor,Bachelor of Education (Inclusive Education),"College of Education, Psychology and Social Work",Bedford Park,false,https://www.flinders.edu.au/study/courses/bachelor-education-inclusive
Flinders University,Undergraduate,Bachelor,Bachelor of Education (Primary),"College of Education, Psychology and Social Work",Bedford Park;City,false,https://www.flinders.edu.au/study/courses/bachelor-education-primary
Flinders University,Undergraduate,Bachelor,Bachelor of Education (Secondary Health and Physical Education),"College of Education, Psychology and Social Work",Bedford Park,false,https://www.flinders.edu.au/study/courses/bachelor-education-secondary-health-physical-education
Flinders University,Undergraduate,Bachelor,Bachelor of Education (Secondary),"College of Education, Psychology and Social Work",Bedford Park,false,https://www.flinders.edu.au/study/courses/bachelor-education-secondary
Flinders University,Undergraduate,Bachelor,Bachelor of Engineering (Biomedical) (Honours),College of Science and Engineering,Tonsley,false,https://www.flinders.edu.au/study/courses/bachelor-engineering-biomedical-honours
Flinders University,Undergraduate,Bachelor,Bachelor of Engineering (Biomedical) (Honours) / Master of Engineering (Biomedical),College of Science and Engineering,Tonsley,true,https://www.flinders.edu.au/study/courses/bachelor-engineering-biomedical-honours-master-engineering-biomedical
Flinders University,Undergraduate,Bachelor,Bachelor of Engineering (Civil) (Honours),College of Science and Engineering,Tonsley;City,false,https://www.flinders.edu.au/study/courses/bachelor-engineering-civil-honours
Flinders University,Undergraduate,Bachelor,Bachelor of Engineering (Civil) (Honours) / Master of Engineering Management,College of Science and Engineering,Tonsley,true,https://www.flinders.edu.au/study/courses/bachelor-engineering-civil-honours-master-engineering-management
Flinders University,Undergraduate,Bachelor,Bachelor of Engineering (Electrical and Electronic) (Honours),College of Science and Engineering,Tonsley;City,false,https://www.flinders.edu.au/study/courses/bachelor-engineering-electrical-electronic-honours
Flinders University,Undergraduate,Bachelor,Bachelor of Engineering (Electrical and Electronic) (Honours) / Master of Engineering (Mechanical),College of Science and Engineering,Tonsley,true,https://www.flinders.edu.au/study/courses/bachelor-engineering-electrical-electronic-honours-master-engineering-mechanical
Flinders University,Undergraduate,Bachelor,Bachelor of Engineering (Electrical and Electronic) (Honours) / Master of Engineering Management,College of Science and Engineering,Tonsley,true,https://www.flinders.edu.au/study/courses/bachelor-engineering-electrical-electronic-honours-master-engineering-management
Flinders University,Undergraduate,Bachelor,Bachelor of Engineering (Environmental) (Honours),College of Science and Engineering,Tonsley,false,https://www.flinders.edu.au/study/courses/bachelor-engineering-environmental-honours
Flinders University,Undergraduate,Bachelor,Bachelor of Engineering (Environmental) (Honours) / Master of Engineering (Civil),College of Science and Engineering,Tonsley,true,https://www.flinders.edu.au/study/courses/bachelor-engineering-environmental-honours-master-engineering-civil
Flinders University,Undergraduate,Bachelor,Bachelor of Engineering (Honours) - Flexible Entry,College of Science and Engineering,Tonsley;City,false,https://www.flinders.edu.au/study/courses/bachelor-engineering-honours-flexible-entry
Flinders University,Undergraduate,Bachelor,Bachelor of Engineering (Honours) - General Entry,College of Science and Engineering,Tonsley;City,false,https://www.flinders.edu.au/study/courses/bachelor-engineering-honours-general-entry
Flinders University,Undergraduate,Bachelor,Bachelor of Engineering (Maritime) (Honours),College of Science and Engineering,Tonsley,false,https://www.flinders.edu.au/study/courses/bachelor-engineering-maritime-honours
Flinders University,Undergraduate,Bachelor,Bachelor of Engineering (Mechanical) (Honours),College of Science and Engineering,Tonsley;City,false,https://www.flinders.edu.au/study/courses/bachelor-engineering-mechanical-honours
Flinders University,Undergraduate,Bachelor,Bachelor of Engineering (Mechanical) (Honours) / Master of Engineering (Biomedical),College of Science and Engineering,Tonsley,true,https://www.flinders.edu.au/study/courses/bachelor-engineering-mechanical-honours-master-engineering-biomedical
Flinders University,Undergraduate,Bachelor,Bachelor of Engineering (Mechanical) (Honours) / Master of Engineering Management,College of Science and Engineering,Tonsley,true,https://www.flinders.edu.au/study/courses/bachelor-engineering-mechanical-honours-master-engineering-management
Flinders University,Undergraduate,Bachelor,Bachelor of Engineering (Robotics) (Honours),College of Science and Engineering,Tonsley,false,https://www.flinders.edu.au/study/courses/bachelor-engineering-robotics-honours
Flinders University,Undergraduate,Bachelor,Bachelor of Engineering (Robotics) (Honours) / Master of Engineering (Electrical and Electronic),College of Science and Engineering,Tonsley,true,https://www.flinders.edu.au/study/courses/bachelor-engineering-robotics-honours-master-engineering-electrical-electronic
Flinders University,Undergraduate,Bachelor,Bachelor of Engineering (Software) (Honours),College of Science and Engineering,Tonsley;City,false,https://www.flinders.edu.au/study/courses/bachelor-engineering-software-honours
Flinders University,Undergraduate,Bachelor,Bachelor of Engineering Science,College of Science and Engineering,Tonsley;City,false,https://www.flinders.edu.au/study/courses/bachelor-engineering-science
Flinders University,Undergraduate,Bachelor,Bachelor of Engineering Technology (Advanced Manufacturing and Digital Design),College of Science and Engineering,Tonsley,false,https://www.flinders.edu.au/study/courses/bachelor-engineering-technology-advanced-manufacturing-digital-design
Flinders University,Undergraduate,Bachelor,Bachelor of Exercise and Sport Science,College of Nursing and Health Sciences,Bedford Park,false,https://www.flinders.edu.au/study/courses/bachelor-exercise-sport-science
Flinders University,Undergraduate,Bachelor,Bachelor of Exercise and Sport Science / Master of Clinical Exercise Physiology,College of Nursing and Health Sciences,Bedford Park,true,https://www.flinders.edu.au/study/courses/bachelor-exercise-sport-science-master-clinical-exercise-physiology
Flinders University,Undergraduate,Bachelor,Bachelor of Film and Television (Screen Industries),"College of Humanities, Arts and Social Sciences",Bedford Park,false,https://www.flinders.edu.au/study/courses/bachelor-film-television-screen-industries
Flinders University,Undergraduate,Bachelor,Bachelor of Film and Television (Screen Production),"College of Humanities, Arts and Social Sciences",Bedford Park,false,https://www.flinders.edu.au/study/courses/bachelor-film-television-screen-production
Flinders University,Undergraduate,Bachelor,Bachelor of Game Design,"College of Humanities, Arts and Social Sciences",City,false,https://www.flinders.edu.au/study/courses/bachelor-game-design
Flinders University,Undergraduate,Bachelor,Bachelor of Geospatial Information Systems,College of Science and Engineering,Bedford Park,false,https://www.flinders.edu.au/study/courses/bachelor-geospatial-information-systems
Flinders University,Undergraduate,Bachelor,Bachelor of Geospatial Information Systems / Bachelor of Surveying,College of Science and Engineering,Bedford Park,true,https://www.flinders.edu.au/study/courses/bachelor-geospatial-information-systems-bachelor-surveying
Flinders University,Undergraduate,Bachelor,Bachelor of Health Sciences,College of Nursing and Health Sciences,Bedford Park;City,false,https://www.flinders.edu.au/study/courses/bachelor-health-sciences
Flinders University,Undergraduate,Bachelor,Bachelor of Health Sciences (Vision Science) / Master of Optometry,College of Nursing and Health Sciences,Bedford Park,true,https://www.flinders.edu.au/study/courses/bachelor-health-science-vision-science-master-optometry
Flinders University,Undergraduate,Bachelor,Bachelor of Human Nutrition,College of Nursing and Health Sciences,Bedford Park,false,https://www.flinders.edu.au/study/courses/bachelor-human-nutrition
Flinders University,Undergraduate,Bachelor,Bachelor of Information Technology,College of Science and Engineering,Tonsley;City;Online,false,https://www.flinders.edu.au/study/courses/bachelor-information-technology
Flinders University,Undergraduate,Bachelor,Bachelor of Information Technology (Business and Information Systems),College of Science and Engineering,Tonsley;City,false,https://www.flinders.edu.au/study/courses/bachelor-information-technology-business-information-systems
Flinders University,Undergraduate,Bachelor,Bachelor of Information Technology (Data Analytics),College of Science and Engineering,Tonsley;City,false,https://www.flinders.edu.au/study/courses/bachelor-information-technology-data-analytics
Flinders University,Undergraduate,Bachelor,Bachelor of Information Technology (Digital Forensics),College of Science and Engineering,Tonsley,false,https://www.flinders.edu.au/study/courses/bachelor-information-technology-digital-forensics
Flinders University,Undergraduate,Bachelor,Bachelor of Information Technology (Game Development),College of Science and Engineering,Tonsley;City,false,https://www.flinders.edu.au/study/courses/bachelor-information-technology-game-development
Flinders University,Undergraduate,Bachelor,Bachelor of Information Technology (Machine Learning),College of Science and Engineering,Tonsley;City,false,https://www.flinders.edu.au/study/courses/bachelor-information-technology-machine-learning
Flinders University,Undergraduate,Bachelor,Bachelor of Information Technology (Network and Cybersecurity Systems),College of Science and Engineering,Tonsley;City,false,https://www.flinders.edu.au/study/courses/bachelor-information-technology-network-cybersecurity-systems
Flinders University,Undergraduate,Bachelor,Bachelor of International Relations and Political Science,"College of Business, Government and Law",Bedford Park;City,false,https://www.flinders.edu.au/study/courses/bachelor-international-relations-political-science
Flinders University,Undergraduate,Bachelor,Bachelor of International Relations and Political Science (Honours),"College of Business, Government and Law",Bedford Park;City,false,https://www.flinders.edu.au/study/courses/bachelor-international-relations-political-science-honours
Flinders University,Undergraduate,Bachelor,Bachelor of Languages,"College of Humanities, Arts and Social Sciences",Bedford Park,false,https://www.flinders.edu.au/study/courses/bachelor-languages
Flinders University,Undergraduate,Bachelor,Bachelor of Laws (Honours) - Legal Practice Entry,"College of Business, Government and Law",Bedford Park;City,false,https://www.flinders.edu.au/study/courses/bachelor-laws-honours
Flinders University,Undergraduate,Bachelor,Bachelor of Laws - Legal Practice Entry,"College of Business, Government and Law",Bedford Park;City,false,https://www.flinders.edu.au/study/courses/bachelor-laws
Flinders University,Undergraduate,Bachelor,Bachelor of Letters (Creative Writing) (Graduate Entry),"College of Humanities, Arts and Social Sciences",Bedford Park,false,https://www.flinders.edu.au/study/courses/bachelor-letters-creative-writing-graduate-entry
Flinders University,Undergraduate,Bachelor,Bachelor of Letters (Health) (Graduate Entry),College of Nursing and Health Sciences,Bedford Park,false,https://www.flinders.edu.au/study/courses/bachelor-letters-health-graduate-entry
Flinders University,Undergraduate,Bachelor,Bachelor of Mathematical Sciences,College of Science and Engineering,Tonsley,false,https://www.flinders.edu.au/study/courses/bachelor-mathematical-sciences
Flinders University,Undergraduate,Bachelor,Bachelor of Media and Communication,"College of Humanities, Arts and Social Sciences",City,false,https://www.flinders.edu.au/study/courses/bachelor-media-communication
Flinders University,Undergraduate,Bachelor,Bachelor of Medical Science,College of Medicine and Public Health,Bedford Park,false,https://www.flinders.edu.au/study/courses/bachelor-medical-science
Flinders University,Undergraduate,Bachelor,Bachelor of Medical Science (Honours),College of Medicine and Public Health,Bedford Park,false,https://www.flinders.edu.au/study/courses/bachelor-medical-science-honours
Flinders University,Undergraduate,Bachelor,Bachelor of Medical Science (Laboratory Medicine),College of Medicine and Public Health,Bedford Park,false,https://www.flinders.edu.au/study/courses/bachelor-of-medical-science-laboratory-medicine
Flinders University,Undergraduate,Bachelor,Bachelor of Medical Science (Laboratory Medicine) (Regional External Program),College of Medicine and Public Health,Bedford Park,false,https://www.flinders.edu.au/study/courses/bachelor-of-medical-science-laboratory-medicine-regional-external-program
Flinders University,Undergraduate,Bachelor,Bachelor of Medical Science / Engineering (Biomedical) (Honours),College of Medicine and Public Health,Bedford Park;Tonsley,true,https://www.flinders.edu.au/study/courses/medical-science-engineering-biomedical-science-honours
Flinders University,Undergraduate,Bachelor,Bachelor of Midwifery (Post-Registration) (Registered Nurse),College of Nursing and Health Sciences,Bedford Park,false,https://www.flinders.edu.au/study/courses/bachelor-midwifery-post-registration
Flinders University,Undergraduate,Bachelor,Bachelor of Midwifery (Preregistration),College of Nursing and Health Sciences,Bedford Park;City,false,https://www.flinders.edu.au/study/courses/bachelor-midwifery-preregistration
Flinders University,Undergraduate,Bachelor,Bachelor of Nursing (Graduate Entry),College of Nursing and Health Sciences,Bedford Park,false,https://www.flinders.edu.au/study/courses/bachelor-nursing-graduate-entry
Flinders University,Undergraduate,Bachelor,Bachelor of Nursing (Preregistration),College of Nursing and Health Sciences,Bedford Park;City;Riverland;Online,false,https://www.flinders.edu.au/study/courses/bachelor-nursing-preregistration
Flinders University,Undergraduate,Bachelor,Bachelor of Nutrition and Dietetics,College of Nursing and Health Sciences,Bedford Park;City,false,https://www.flinders.edu.au/study/courses/bachelor-nutrition-dietetics
Flinders University,Undergraduate,Bachelor,Bachelor of Nutrition and Exercise,College of Nursing and Health Sciences,Online,false,https://www.flinders.edu.au/online/courses/bachelor-nutrition-exercise
Flinders University,Undergraduate,Bachelor,Bachelor of Occupational Therapy,College of Nursing and Health Sciences,Bedford Park;City;Port Pirie;Riverland;Mount Gambier,false,https://www.flinders.edu.au/study/courses/bachelor-occupational-therapy
Flinders University,Undergraduate,Bachelor,Bachelor of Paramedicine,College of Medicine and Public Health,Bedford Park,false,https://www.flinders.edu.au/study/courses/bachelor-paramedicine
Flinders University,Undergraduate,Bachelor,Bachelor of Paramedicine (Northern Territory),College of Medicine and Public Health,Darwin,false,https://www.flinders.edu.au/study/courses/bachelor-paramedicine-nt
Flinders University,Undergraduate,Bachelor,Bachelor of Paramedicine (Regional External Program),College of Medicine and Public Health,Online,false,https://www.flinders.edu.au/study/courses/bachelor-paramedicine-regional-external-program
Flinders University,Undergraduate,Bachelor,Bachelor of Performance (Acting),"College of Humanities, Arts and Social Sciences",Bedford Park,false,https://www.flinders.edu.au/study/courses/bachelor-performance-acting
Flinders University,Undergraduate,Bachelor,Bachelor of Performance (Directing),"College of Humanities, Arts and Social Sciences",Bedford Park,false,https://www.flinders.edu.au/study/courses/bachelor-performance-directing
Flinders University,Undergraduate,Bachelor,Bachelor of Performance (Theatre Making),"College of Humanities, Arts and Social Sciences",Bedford Park,false,https://www.flinders.edu.au/study/courses/bachelor-performance-theatre-making
Flinders University,Undergraduate,Bachelor,Bachelor of Physiotherapy,College of Nursing and Health Sciences,Bedford Park;City;Port Pirie;Riverland;Mount Gambier,false,https://www.flinders.edu.au/study/courses/bachelor-physiotherapy
Flinders University,Undergraduate,Bachelor,Bachelor of Psychological Science,"College of Education, Psychology and Social Work",Bedford Park;City;Online,false,https://www.flinders.edu.au/study/courses/bachelor-psychological-science
Flinders University,Undergraduate,Bachelor,Bachelor of Psychological Studies (Graduate Entry),"College of Education, Psychology and Social Work",Bedford Park;City;Online,false,https://www.flinders.edu.au/study/courses/bachelor-psychological-studies-graduate-entry
Flinders University,Undergraduate,Bachelor,Bachelor of Psychology (Honours),"College of Education, Psychology and Social Work",Bedford Park,false,https://www.flinders.edu.au/study/courses/bachelor-psychology-honours
Flinders University,Undergraduate,Bachelor,Bachelor of Public Health,College of Medicine and Public Health,Bedford Park,false,https://www.flinders.edu.au/study/courses/bachelor-public-health
Flinders University,Undergraduate,Bachelor,Bachelor of Science,College of Science and Engineering,Bedford Park,false,https://www.flinders.edu.au/study/courses/bachelor-science
Flinders University,Undergraduate,Bachelor,Bachelor of Science (Advanced Science),College of Science and Engineering,Bedford Park,false,https://www.flinders.edu.au/study/courses/bachelor-science-advanced-science
Flinders University,Undergraduate,Bachelor,Bachelor of Science (Animal Behaviour),College of Science and Engineering,Bedford Park,false,https://www.flinders.edu.au/study/courses/bachelor-science-animal-behaviour
Flinders University,Undergraduate,Bachelor,Bachelor of Science (Biodiversity and Conservation),College of Science and Engineering,Bedford Park;City,false,https://www.flinders.edu.au/study/courses/bachelor-science-biodiversity-conservation
Flinders University,Undergraduate,Bachelor,Bachelor of Science (Biotechnology),College of Science and Engineering,Bedford Park,false,https://www.flinders.edu.au/study/courses/bachelor-science-biotechnology
Flinders University,Undergraduate,Bachelor,Bachelor of Science (Environmental Science),College of Science and Engineering,Bedford Park,false,https://www.flinders.edu.au/study/courses/bachelor-science-environmental-science
Flinders University,Undergraduate,Bachelor,Bachelor of Science (Forensic and Analytical Science Pathway),College of Science and Engineering,Bedford Park,false,https://www.flinders.edu.au/study/courses/bachelor-science-forensic-analytical-science-pathway
Flinders University,Undergraduate,Bachelor,Bachelor of Science (Forensic and Analytical Science),College of Science and Engineering,Bedford Park,false,https://www.flinders.edu.au/study/courses/bachelor-science-forensic-analytical-science
Flinders University,Undergraduate,Bachelor,Bachelor of Science (Marine Biology),College of Science and Engineering,Bedford Park,false,https://www.flinders.edu.au/study/courses/bachelor-science-marine-biology
Flinders University,Undergraduate,Bachelor,Bachelor of Science (Palaeontology),College of Science and Engineering,Bedford Park,false,https://www.flinders.edu.au/study/courses/bachelor-science-palaeontology
Flinders University,Undergraduate,Bachelor,Bachelor of Social Work,"College of Education, Psychology and Social Work",Bedford Park;City;Online,false,https://www.flinders.edu.au/study/courses/bachelor-social-work
Flinders University,Undergraduate,Bachelor,Bachelor of Speech Pathology,College of Nursing and Health Sciences,Bedford Park;City;Port Pirie;Riverland;Mount Gambier,false,https://www.flinders.edu.au/study/courses/bachelor-speech-pathology
Flinders University,Undergraduate,Bachelor,Bachelor of Sport and Active Recreation,"College of Education, Psychology and Social Work",Bedford Park;City,false,https://www.flinders.edu.au/study/courses/bachelor-sport-active-recreation
Flinders University,Undergraduate,Bachelor,Bachelor of Urban and Regional Planning,"College of Humanities, Arts and Social Sciences",City;Online,false,https://www.flinders.edu.au/study/courses/bachelor-urban-regional-planning
Flinders University,Undergraduate,Bachelor,Bachelor of Visual Effects and Entertainment Design,"College of Humanities, Arts and Social Sciences",City;Hybrid (NSW and VIC),false,https://www.flinders.edu.au/study/courses/bachelor-visual-effects-entertainment-design
Flinders University,Undergraduate,Diploma,Diploma in Arts,"College of Humanities, Arts and Social Sciences",Bedford Park;Online,false,https://www.flinders.edu.au/study/courses/diploma-arts
Flinders University,Undergraduate,Diploma,Diploma in Business,"College of Business, Government and Law",Bedford Park;City;Online,false,https://www.flinders.edu.au/study/courses/diploma-business
Flinders University,Undergraduate,Diploma,Diploma in Criminology,"College of Business, Government and Law",Bedford Park;City,false,https://www.flinders.edu.au/study/courses/diploma-criminology
Flinders University,Undergraduate,Diploma,Diploma in Digital Content Creation,"College of Humanities, Arts and Social Sciences",Online,false,https://www.flinders.edu.au/online/courses/diploma-digital-content-creation
Flinders University,Undergraduate,Diploma,Diploma in Disability and Community Practice,College of Nursing and Health Sciences,Online;Bedford Park,false,https://www.flinders.edu.au/study/courses/diploma-disability-community-practice
Flinders University,Undergraduate,Diploma,Diploma in Employment Pathways,College of Nursing and Health Sciences,Bedford Park,false,https://www.flinders.edu.au/study/courses/diploma-employment-pathways
Flinders University,Undergraduate,Diploma,Diploma in Health Sciences,College of Nursing and Health Sciences,Online;Bedford Park;City,false,https://www.flinders.edu.au/study/courses/diploma-health-sciences
Flinders University,Undergraduate,Diploma,Diploma in Information Technology,Flinders University Academy,Online,false,https://www.flinders.edu.au/online/courses/diploma-information-technology
Flinders University,Undergraduate,Diploma,Diploma in Language,"College of Humanities, Arts and Social Sciences",Bedford Park,false,https://www.flinders.edu.au/study/courses/diploma-language
Flinders University,Undergraduate,Diploma,Diploma in Laws,"College of Business, Government and Law",Bedford Park;City,false,https://www.flinders.edu.au/study/courses/diploma-laws
Flinders University,Undergraduate,Diploma,Diploma in Sports Management,"College of Business, Government and Law",Alberton;Adelaide Oval,false,https://www.flinders.edu.au/study/courses/diploma-sports-management
Flinders University,Undergraduate,Diploma,Diploma in Sports Management (Cricket),"College of Business, Government and Law",Adelaide Oval,false,https://www.flinders.edu.au/study/courses/diploma-sports-management-cricket
Flinders University,Undergraduate,Undergraduate Certificate,Undergraduate Certificate in Acting,"College of Humanities, Arts and Social Sciences",Bedford Park,false,https://www.flinders.edu.au/study/courses/undergraduate-certificate-acting
Flinders University,Undergraduate,Undergraduate Certificate,Undergraduate Certificate in Mental Health and Wellbeing (Workplace and Community),"College of Education, Psychology and Social Work",Bedford Park;Online,false,https://www.flinders.edu.au/study/courses/undergraduate-certificate-mental-health-wellbeing
Flinders University,Honours,Honours,Bachelor of Archaeology (Honours),"College of Humanities, Arts and Social Sciences",Bedford Park,false,https://www.flinders.edu.au/study/courses/honours-bachelor-archaeology
Flinders University,Honours,Honours,Bachelor of Arts (Honours),"College of Humanities, Arts and Social Sciences",,false,https://www.flinders.edu.au/study/courses/honours-bachelor-arts
Flinders University,Honours,Honours,Bachelor of Business (Honours),"College of Business, Government and Law",,false,https://www.flinders.edu.au/study/courses/honours-bachelor-business
Flinders University,Honours,Honours,Bachelor of Commerce (Honours),"College of Business, Government and Law",,false,https://www.flinders.edu.au/study/courses/honours-bachelor-commerce
Flinders University,Honours,Honours,Bachelor of Computing and Mathematical Sciences (Honours),College of Science and Engineering,Tonsley;City,false,https://www.flinders.edu.au/study/courses/bachelor-computing-mathematical-sciences-honours
Flinders University,Honours,Honours,Bachelor of Creative Arts (Honours),"College of Humanities, Arts and Social Sciences",,false,https://www.flinders.edu.au/study/courses/honours-bachelor-creative-arts
Flinders University,Honours,Honours,Bachelor of Criminology (Honours),"College of Business, Government and Law",,false,https://www.flinders.edu.au/study/courses/bachelor-criminology-honours
Flinders University,Honours,Honours,Bachelor of Education (Honours),"College of Education, Psychology and Social Work",Bedford Park,false,https://www.flinders.edu.au/study/courses/honours-bachelor-education
Flinders University,Honours,Honours,Bachelor of Health Sciences (Honours),College of Nursing and Health Sciences,Bedford Park,false,https://www.flinders.edu.au/study/courses/honours-bachelor-health-sciences
Flinders University,Honours,Honours,Bachelor of International Relations and Political Science (Honours),"College of Business, Government and Law",,false,https://www.flinders.edu.au/study/courses/bachelor-international-relations-political-science-honours
Flinders University,Honours,Honours,Bachelor of Medical Science (Honours),College of Medicine and Public Health,,false,https://www.flinders.edu.au/study/courses/bachelor-medical-science-honours
Flinders University,Honours,Honours,Bachelor of Paramedicine (Honours),College of Medicine and Public Health,Bedford Park,false,https://www.flinders.edu.au/study/courses/honours-bachelor-paramedicine
Flinders University,Honours,Honours,Bachelor of Psychological Science (Honours),"College of Education, Psychology and Social Work",,false,https://www.flinders.edu.au/study/courses/honours-bachelor-psychological-science
Flinders University,Honours,Honours,Bachelor of Public Health (Honours),College of Medicine and Public Health,Bedford Park,false,https://www.flinders.edu.au/study/courses/honours-bachelor-public-health
Flinders University,Honours,Honours,Bachelor of Science (Honours),College of Science and Engineering,Bedford Park,false,https://www.flinders.edu.au/study/courses/honours-bachelor-science
Flinders University,Honours,Honours,"Bachelor of Sport, Health and Physical Activity (Honours)","College of Education, Psychology and Social Work",,false,https://www.flinders.edu.au/study/courses/honours-bachelor-sport-health-physical-activity
Flinders University,Postgraduate coursework,Doctor of Medicine,Doctor of Medicine,College of Medicine and Public Health,Bedford Park;Regional South Australia;Darwin,false,https://www.flinders.edu.au/study/courses/postgraduate-doctor-medicine
Flinders University,Postgraduate coursework,Doctor of Medicine,Doctor of Medicine / Master of Public Health,College of Medicine and Public Health,Bedford Park,true,https://handbook.flinders.edu.au/courses/2026/MDMPHA
Flinders University,Postgraduate coursework,Graduate Certificate,Graduate Certificate in Advanced Manufacturing in Nuclear Systems,,Online,false,https://www.flinders.edu.au/online/courses/graduate-certificate-advanced-manufacturing
Flinders University,Postgraduate coursework,Graduate Certificate,Graduate Certificate in Aged Care Administration,"College of Business, Government and Law",Bedford Park;City,false,https://www.flinders.edu.au/study/courses/postgraduate-health-administration
Flinders University,Postgraduate coursework,Graduate Certificate,Graduate Certificate in Archaeology,"College of Humanities, Arts and Social Sciences",Bedford Park;Online,false,https://www.flinders.edu.au/study/courses/postgraduate-archaeology-heritage-management
Flinders University,Postgraduate coursework,Graduate Certificate,Graduate Certificate in Artificial Intelligence,College of Science and Engineering,Online,false,https://www.flinders.edu.au/online/courses/graduate-certificate-artificial-intelligence
Flinders University,Postgraduate coursework,Graduate Certificate,Graduate Certificate in Autism and Complex Disabilities,"College of Education, Psychology and Social Work",City,false,https://www.flinders.edu.au/study/courses/postgraduate-autism-complex-disabilities
Flinders University,Postgraduate coursework,Graduate Certificate,Graduate Certificate in Business Administration,"College of Business, Government and Law",City;Online,false,https://www.flinders.edu.au/study/courses/graduate-certificate-business-administration
Flinders University,Postgraduate coursework,Graduate Certificate,Graduate Certificate in Business Analytics,"College of Business, Government and Law",City,false,https://www.flinders.edu.au/study/courses/graduate-certificate-business-analytics
Flinders University,Postgraduate coursework,Graduate Certificate,Graduate Certificate in Child and Family Health Nursing,College of Nursing and Health Sciences,Bedford Park;Online,false,https://www.flinders.edu.au/study/courses/postgraduate-child-family-health-nursing
Flinders University,Postgraduate coursework,Graduate Certificate,Graduate Certificate in Clinical Education,College of Medicine and Public Health,Bedford Park;Online,false,https://www.flinders.edu.au/study/courses/postgraduate-clinical-education
Flinders University,Postgraduate coursework,Graduate Certificate,Graduate Certificate in Clinical Rehabilitation,College of Nursing and Health Sciences,Bedford Park;Online,false,https://www.flinders.edu.au/study/courses/postgraduate-clinical-rehabilitation
Flinders University,Postgraduate coursework,Graduate Certificate,Graduate Certificate in Counselling (Behavioural Health),College of Medicine and Public Health,Bedford Park,false,https://www.flinders.edu.au/study/courses/graduate-certificate-counselling-behavioural-health
Flinders University,Postgraduate coursework,Graduate Certificate,Graduate Certificate in Critical Care Nursing,College of Nursing and Health Sciences,Bedford Park;Online,false,https://www.flinders.edu.au/study/courses/postgraduate-critical-care-nursing
Flinders University,Postgraduate coursework,Graduate Certificate,Graduate Certificate in Cybersecurity,College of Science and Engineering,Online,false,https://www.flinders.edu.au/online/courses/graduate-certificate-cybersecurity
Flinders University,Postgraduate coursework,Graduate Certificate,Graduate Certificate in Data Analytics,College of Science and Engineering,Online,false,https://www.flinders.edu.au/online/courses/graduate-certificate-data-analytics
Flinders University,Postgraduate coursework,Graduate Certificate,Graduate Certificate in Diabetes Management and Education,College of Nursing and Health Sciences,Bedford Park;Online,false,https://www.flinders.edu.au/study/courses/postgraduate-diabetes-management-education
Flinders University,Postgraduate coursework,Graduate Certificate,Graduate Certificate in Digital Health Management,"College of Business, Government and Law",City,false,https://www.flinders.edu.au/study/courses/postgraduate-digital-health-management
Flinders University,Postgraduate coursework,Graduate Certificate,Graduate Certificate in Digital Innovation and Artificial Intelligence in Education,"College of Education, Psychology and Social Work",City;Online,false,https://www.flinders.edu.au/study/courses/postgraduate-digital-innovation-artificial-intelligence
Flinders University,Postgraduate coursework,Graduate Certificate,Graduate Certificate in Disability Policy and Leadership,College of Nursing and Health Sciences,Bedford Park;Online,false,https://www.flinders.edu.au/study/courses/postgraduate-disability-policy-leadership
Flinders University,Postgraduate coursework,Graduate Certificate,Graduate Certificate in Disability Practice,College of Nursing and Health Sciences,Bedford Park;Online,false,https://www.flinders.edu.au/study/courses/postgraduate-disability-practice
Flinders University,Postgraduate coursework,Graduate Certificate,Graduate Certificate in Early Childhood Education (Birth to 5),"College of Education, Psychology and Social Work",Bedford Park;Online,false,https://www.flinders.edu.au/study/courses/graduate-certificate-early-childhood-education-birth-to-5
Flinders University,Postgraduate coursework,Graduate Certificate,Graduate Certificate in Emergency Nursing,College of Nursing and Health Sciences,Bedford Park;Online,false,https://www.flinders.edu.au/study/courses/postgraduate-emergency-nursing
Flinders University,Postgraduate coursework,Graduate Certificate,Graduate Certificate in Engineering Management,College of Science and Engineering,Online;Tonsley;City,false,https://www.flinders.edu.au/study/courses/postgraduate-engineering-management
Flinders University,Postgraduate coursework,Graduate Certificate,Graduate Certificate in Gender Mainstreaming Policy and Analysis,"College of Humanities, Arts and Social Sciences",Bedford Park,false,https://www.flinders.edu.au/study/courses/postgraduate-women-gender-studies
Flinders University,Postgraduate coursework,Graduate Certificate,Graduate Certificate in Geospatial Information Systems,College of Science and Engineering,Bedford Park,false,https://www.flinders.edu.au/study/courses/postgraduate-geospatial-information-systems
Flinders University,Postgraduate coursework,Graduate Certificate,Graduate Certificate in Health Administration,"College of Business, Government and Law",Bedford Park;City,false,https://www.flinders.edu.au/study/courses/postgraduate-health-administration
Flinders University,Postgraduate coursework,Graduate Certificate,Graduate Certificate in Health Promotion,College of Medicine and Public Health,Bedford Park;Online,false,https://www.flinders.edu.au/study/courses/graduate-certificate-health-promotion
Flinders University,Postgraduate coursework,Graduate Certificate,Graduate Certificate in Human Resource Management,"College of Business, Government and Law",City;Online,false,https://www.flinders.edu.au/study/courses/graduate-certificate-human-resource-management
Flinders University,Postgraduate coursework,Graduate Certificate,"Graduate Certificate in Indigenous Education, Leadership and Pedagogy","College of Education, Psychology and Social Work",City;Online,false,https://www.flinders.edu.au/study/courses/graduate-certificate-indigenous-education-pedagogy-leadership
Flinders University,Postgraduate coursework,Graduate Certificate,Graduate Certificate in International Relations,"College of Business, Government and Law",Bedford Park;City,false,https://www.flinders.edu.au/study/courses/postgraduate-international-relations
Flinders University,Postgraduate coursework,Graduate Certificate,Graduate Certificate in Laws,"College of Business, Government and Law",Online,false,https://www.flinders.edu.au/online/courses/graduate-certificate-laws
Flinders University,Postgraduate coursework,Graduate Certificate,Graduate Certificate in Leadership in Education,"College of Education, Psychology and Social Work",Online,false,https://www.flinders.edu.au/online/courses/graduate-certificate-leadership-education
Flinders University,Postgraduate coursework,Graduate Certificate,Graduate Certificate in Leading Mental Health and Wellbeing (Workplace and Community),"College of Education, Psychology and Social Work",Bedford Park;Online,false,https://www.flinders.edu.au/study/courses/postgraduate-mental-health-wellbeing
Flinders University,Postgraduate coursework,Graduate Certificate,Graduate Certificate in Marketing,"College of Business, Government and Law",City;Online,false,https://www.flinders.edu.au/study/courses/graduate-certificate-marketing
Flinders University,Postgraduate coursework,Graduate Certificate,Graduate Certificate in Mental Health Nursing,College of Nursing and Health Sciences,Bedford Park;Online,false,https://www.flinders.edu.au/study/courses/postgraduate-mental-health-nursing
Flinders University,Postgraduate coursework,Graduate Certificate,Graduate Certificate in Midwifery Prescribing and Primary Care,College of Nursing and Health Sciences,Online,false,https://www.flinders.edu.au/study/courses/graduate-certificate-midwifery-prescribing-and-primary-care
Flinders University,Postgraduate coursework,Graduate Certificate,Graduate Certificate in Nuclear Safety and Compliance,College of Science and Engineering,Online,false,https://www.flinders.edu.au/online/courses/graduate-certificate-nuclear-safety-compliance
Flinders University,Postgraduate coursework,Graduate Certificate,Graduate Certificate in Nuclear Science and Technology,,Online,false,https://www.flinders.edu.au/online/courses/graduate-certificate-nuclear-science-technology
Flinders University,Postgraduate coursework,Graduate Certificate,Graduate Certificate in Nuclear Workforce and Governance,College of Science and Engineering,Online,false,https://www.flinders.edu.au/online/courses/graduate-certificate-nuclear-workforce-governance
Flinders University,Postgraduate coursework,Graduate Certificate,Graduate Certificate in Nursing,College of Nursing and Health Sciences,Bedford Park;Online,false,https://www.flinders.edu.au/study/courses/postgraduate-nursing
Flinders University,Postgraduate coursework,Graduate Certificate,Graduate Certificate in Older Adult Care and Wellbeing,College of Nursing and Health Sciences,Bedford Park;Online,false,https://www.flinders.edu.au/study/courses/postgraduate-older-adult-care-wellbeing
Flinders University,Postgraduate coursework,Graduate Certificate,Graduate Certificate in Palliative and End-of-Life Care,College of Nursing and Health Sciences,Online,false,https://www.flinders.edu.au/online/courses/graduate-certificate-palliative-end-life-care
Flinders University,Postgraduate coursework,Graduate Certificate,Graduate Certificate in Pharmacist Prescribing Practice,College of Medicine and Public Health,Online,false,https://www.flinders.edu.au/online/courses/pharmacist-prescribing-practice
Flinders University,Postgraduate coursework,Graduate Certificate,Graduate Certificate in Positive Behaviour Support,College of Nursing and Health Sciences,Bedford Park,false,https://www.flinders.edu.au/study/courses/postgraduate-positive-behaviour-support
Flinders University,Postgraduate coursework,Graduate Certificate,Graduate Certificate in Project Management,"College of Business, Government and Law",City;Online,false,https://www.flinders.edu.au/study/courses/graduate-certificate-project-management
Flinders University,Postgraduate coursework,Graduate Certificate,Graduate Certificate in Public Administration,"College of Business, Government and Law",Bedford Park;City,false,https://www.flinders.edu.au/study/courses/postgraduate-public-administration
Flinders University,Postgraduate coursework,Graduate Certificate,Graduate Certificate in Public Health,College of Medicine and Public Health,Bedford Park;Online,false,https://www.flinders.edu.au/study/courses/graduate-certificate-public-health
Flinders University,Postgraduate coursework,Graduate Certificate,Graduate Certificate in Public Policy,"College of Business, Government and Law",Bedford Park;City,false,https://www.flinders.edu.au/study/courses/postgraduate-public-policy
Flinders University,Postgraduate coursework,Graduate Certificate,Graduate Certificate in Public Sector Leadership,"College of Business, Government and Law",Online,false,https://www.flinders.edu.au/online/courses/graduate-certificate-public-sector-leadership
Flinders University,Postgraduate coursework,Graduate Certificate,Graduate Certificate in Radiological Protection,,Online,false,https://www.flinders.edu.au/online/courses/graduate-certificate-radiological
Flinders University,Postgraduate coursework,Graduate Certificate,Graduate Certificate in Registered Nurse Prescribing,College of Nursing and Health Sciences,Online,false,https://www.flinders.edu.au/study/courses/graduate-certificate-registered-nurse-prescribing
Flinders University,Postgraduate coursework,Graduate Certificate,Graduate Certificate in Remote Health Practice,College of Medicine and Public Health,Online plus placement/intensive (Alice Springs),false,https://www.flinders.edu.au/study/courses/graduate-certificate-remote-health-practice
Flinders University,Postgraduate coursework,Graduate Certificate,Graduate Certificate in Renewable and Sustainable Energy,College of Science and Engineering,Online,false,https://www.flinders.edu.au/online/courses/graduate-certificate-renewable-sustainable-energy
Flinders University,Postgraduate coursework,Graduate Certificate,Graduate Certificate in Research and Evaluation for Practice,"College of Education, Psychology and Social Work",Bedford Park;Online,false,https://www.flinders.edu.au/study/courses/graduate-certificate-research-and-evaluation-for-practice
Flinders University,Postgraduate coursework,Graduate Certificate,Graduate Certificate in Science (Aquaculture),College of Science and Engineering,Bedford Park,false,https://www.flinders.edu.au/study/courses/postgraduate-aquaculture
Flinders University,Postgraduate coursework,Graduate Certificate,Graduate Certificate in Science (Groundwater Hydrology),College of Science and Engineering,Bedford Park;Online,false,https://www.flinders.edu.au/study/courses/postgraduate-groundwater-hydrology
Flinders University,Postgraduate coursework,Graduate Certificate,Graduate Certificate in Science (Water Resources Management),College of Science and Engineering,Bedford Park,false,https://www.flinders.edu.au/study/courses/postgraduate-water-resources-management
Flinders University,Postgraduate coursework,Graduate Certificate,Graduate Certificate in Social Impact,"College of Business, Government and Law",City,false,https://www.flinders.edu.au/study/courses/postgraduate-social-impact
Flinders University,Postgraduate coursework,Graduate Certificate,Graduate Certificate in Social Scientific Data Analysis and Communication,"College of Humanities, Arts and Social Sciences",Bedford Park,false,https://www.flinders.edu.au/study/courses/postgraduate-social-scientific-data-analysis-communication
Flinders University,Postgraduate coursework,Graduate Certificate,Graduate Certificate in Society and the Individual,"College of Education, Psychology and Social Work",Bedford Park,false,https://www.flinders.edu.au/study/courses/postgraduate-society-individual
Flinders University,Postgraduate coursework,Graduate Certificate,Graduate Certificate in STEM Education,"College of Education, Psychology and Social Work",City,false,https://www.flinders.edu.au/study/courses/postgraduate-stem-education
Flinders University,Postgraduate coursework,Graduate Certificate,Graduate Certificate in Student Inclusion,"College of Education, Psychology and Social Work",City;Online,false,https://www.flinders.edu.au/study/courses/postgraduate-student-inclusion
Flinders University,Postgraduate coursework,Graduate Certificate,Graduate Certificate in Student Wellbeing,"College of Education, Psychology and Social Work",City,false,https://www.flinders.edu.au/study/courses/postgraduate-student-wellbeing
Flinders University,Postgraduate coursework,Graduate Certificate,Graduate Certificate in Sustainable Development,"College of Humanities, Arts and Social Sciences",Bedford Park;Online,false,https://www.flinders.edu.au/study/courses/postgraduate-sustainable-development
Flinders University,Postgraduate coursework,Graduate Certificate,Graduate Certificate in Teaching English to Speakers of Other Languages (TESOL),"College of Humanities, Arts and Social Sciences",Bedford Park;Online,false,https://www.flinders.edu.au/study/courses/postgraduate-teaching-english-as-a-second-language
Flinders University,Postgraduate coursework,Graduate Certificate,Graduate Certificate in Teaching Studies,"College of Education, Psychology and Social Work",City;Online,false,https://www.flinders.edu.au/study/courses/graduate-certificate-teaching-studies
Flinders University,Postgraduate coursework,Graduate Certificate,Graduate Certificate in Trauma Responsive Practice,"College of Education, Psychology and Social Work",Bedford Park;Online,false,https://www.flinders.edu.au/study/courses/postgraduate-trauma-responsive-practice
Flinders University,Postgraduate coursework,Graduate Certificate,Graduate Certificate in Virtual Production,"College of Humanities, Arts and Social Sciences",Bedford Park,false,https://www.flinders.edu.au/study/courses/postgraduate-virtual-production
Flinders University,Postgraduate coursework,Graduate Certificate,Graduate Certificate of Electronic Warfare,College of Science and Engineering,Tonsley,false,https://www.flinders.edu.au/study/courses/postgraduate-electronic-warfare
Flinders University,Postgraduate coursework,Graduate Diploma,Graduate Diploma in Archaeology and Heritage Management,"College of Humanities, Arts and Social Sciences",Bedford Park;Online,false,https://www.flinders.edu.au/study/courses/postgraduate-archaeology-heritage-management
Flinders University,Postgraduate coursework,Graduate Diploma,Graduate Diploma in Business Administration,"College of Business, Government and Law",City;Online,false,https://www.flinders.edu.au/study/courses/graduate-diploma-business-administration
Flinders University,Postgraduate coursework,Graduate Diploma,Graduate Diploma in Clinical Education,College of Medicine and Public Health,Bedford Park;Online,false,https://www.flinders.edu.au/study/courses/postgraduate-clinical-education
Flinders University,Postgraduate coursework,Graduate Diploma,Graduate Diploma in Computer Science,College of Science and Engineering,Tonsley;City,false,https://www.flinders.edu.au/study/courses/postgraduate-master-computer-science
Flinders University,Postgraduate coursework,Graduate Diploma,Graduate Diploma in Counselling (Behavioural Health),College of Medicine and Public Health,Bedford Park,false,https://www.flinders.edu.au/study/courses/graduate-diploma-counselling-behavioural-health
Flinders University,Postgraduate coursework,Graduate Diploma,Graduate Diploma in Data Science,College of Science and Engineering,Tonsley;City,false,https://www.flinders.edu.au/study/courses/postgraduate-data-science
Flinders University,Postgraduate coursework,Graduate Diploma,Graduate Diploma in Early Childhood Education (Birth to 5),"College of Education, Psychology and Social Work",Online,false,https://www.flinders.edu.au/online/courses/graduate-diploma-early-childhood-education-birth-5
Flinders University,Postgraduate coursework,Graduate Diploma,Graduate Diploma in Engineering Management,College of Science and Engineering,Online;Tonsley;City,false,https://www.flinders.edu.au/study/courses/postgraduate-engineering-management
Flinders University,Postgraduate coursework,Graduate Diploma,Graduate Diploma in Environmental Health Practice,College of Science and Engineering,Bedford Park;Online,false,https://www.flinders.edu.au/study/courses/postgraduate-environmental-health
Flinders University,Postgraduate coursework,Graduate Diploma,Graduate Diploma in Geospatial Information Systems,College of Science and Engineering,Bedford Park,false,https://www.flinders.edu.au/study/courses/postgraduate-geospatial-information-systems
Flinders University,Postgraduate coursework,Graduate Diploma,Graduate Diploma in Health Administration,"College of Business, Government and Law",Bedford Park;City,false,https://www.flinders.edu.au/study/courses/postgraduate-health-administration
Flinders University,Postgraduate coursework,Graduate Diploma,Graduate Diploma in Information Technology,College of Science and Engineering,City,false,https://www.flinders.edu.au/study/courses/postgraduate-information-technology
Flinders University,Postgraduate coursework,Graduate Diploma,Graduate Diploma in Intensive Care Paramedicine,College of Medicine and Public Health,Online;Bedford Park,false,https://www.flinders.edu.au/study/courses/postgraduate-intensive-care-paramedicine
Flinders University,Postgraduate coursework,Graduate Diploma,Graduate Diploma in International Relations,"College of Business, Government and Law",Bedford Park;City,false,https://www.flinders.edu.au/study/courses/postgraduate-international-relations
Flinders University,Postgraduate coursework,Graduate Diploma,Graduate Diploma in Laws,"College of Business, Government and Law",Online,false,https://www.flinders.edu.au/online/courses/graduate-diploma-laws
Flinders University,Postgraduate coursework,Graduate Diploma,Graduate Diploma in Maritime Archaeology,"College of Humanities, Arts and Social Sciences",Bedford Park;Online,false,https://www.flinders.edu.au/study/courses/postgraduate-maritime-archaeology
Flinders University,Postgraduate coursework,Graduate Diploma,Graduate Diploma in Mental Health Nursing,College of Nursing and Health Sciences,Bedford Park;Online,false,https://www.flinders.edu.au/study/courses/postgraduate-mental-health-nursing
Flinders University,Postgraduate coursework,Graduate Diploma,Graduate Diploma in Nursing,College of Nursing and Health Sciences,Bedford Park;Online,false,https://www.flinders.edu.au/study/courses/postgraduate-nursing
Flinders University,Postgraduate coursework,Graduate Diploma,Graduate Diploma in Palliative and End-of-Life Care,College of Nursing and Health Sciences,Online,false,https://www.flinders.edu.au/study/courses/graduate-diploma-palliative-end-of-life-care
Flinders University,Postgraduate coursework,Graduate Diploma,Graduate Diploma in Project Management,"College of Business, Government and Law",City;Online,false,https://www.flinders.edu.au/study/courses/graduate-diploma-project-management
Flinders University,Postgraduate coursework,Graduate Diploma,Graduate Diploma in Psychology (Advanced),"College of Education, Psychology and Social Work",Bedford Park,false,https://www.flinders.edu.au/study/courses/postgraduate-psychology-advanced
Flinders University,Postgraduate coursework,Graduate Diploma,Graduate Diploma in Public Policy and Administration,"College of Business, Government and Law",Bedford Park;City,false,https://www.flinders.edu.au/study/courses/postgraduate-public-administration
Flinders University,Postgraduate coursework,Graduate Diploma,Graduate Diploma in Remote Health Practice,College of Medicine and Public Health,Online plus placement/intensive (Alice Springs),false,https://www.flinders.edu.au/study/courses/graduate-diploma-remote-health-practice
Flinders University,Postgraduate coursework,Graduate Diploma,"Graduate Diploma in Research Methods - Business, Government and Law","College of Business, Government and Law",Bedford Park,false,https://www.flinders.edu.au/study/courses/postgraduate-research-methods
Flinders University,Postgraduate coursework,Graduate Diploma,Graduate Diploma in Science (Aquaculture),College of Science and Engineering,Bedford Park,false,https://www.flinders.edu.au/study/courses/postgraduate-aquaculture
Flinders University,Postgraduate coursework,Graduate Diploma,Graduate Diploma in Science (Groundwater Hydrology),College of Science and Engineering,Bedford Park;Online,false,https://www.flinders.edu.au/study/courses/postgraduate-groundwater-hydrology
Flinders University,Postgraduate coursework,Graduate Diploma,Graduate Diploma in Science (Water Resources Management),College of Science and Engineering,Bedford Park,false,https://www.flinders.edu.au/study/courses/postgraduate-water-resources-management
Flinders University,Postgraduate coursework,Graduate Diploma,Graduate Diploma in Sustainable Development,"College of Humanities, Arts and Social Sciences",Bedford Park;Online,false,https://www.flinders.edu.au/study/courses/postgraduate-sustainable-development
Flinders University,Postgraduate coursework,Graduate Diploma,Graduate Diploma in Virtual Production,"College of Humanities, Arts and Social Sciences",Bedford Park,false,https://www.flinders.edu.au/study/courses/postgraduate-virtual-production
Flinders University,Postgraduate coursework,Graduate Diploma,Graduate Diploma of Electronic Warfare,College of Science and Engineering,Tonsley,false,https://www.flinders.edu.au/study/courses/postgraduate-electronic-warfare
Flinders University,Postgraduate coursework,Graduate Diploma,Graduate Diploma of Nuclear Science and Technology,,Online,false,https://www.flinders.edu.au/online/courses/graduate-diploma-nuclear-science-technology
Flinders University,Postgraduate coursework,Juris Doctor,Juris Doctor,"College of Business, Government and Law",Online,false,https://www.flinders.edu.au/online/courses/juris-doctor
Flinders University,Postgraduate coursework,Master,Master of Accounting,"College of Business, Government and Law",City,false,https://www.flinders.edu.au/study/courses/postgraduate-accounting
Flinders University,Postgraduate coursework,Master,Master of Accounting / Graduate Certificate in Social Impact,"College of Business, Government and Law",City,true,https://www.flinders.edu.au/study/courses/postgraduate-accounting-social-impact
Flinders University,Postgraduate coursework,Master,Master of Accounting and Finance,"College of Business, Government and Law",City,false,https://www.flinders.edu.au/study/courses/postgraduate-accounting-finance
Flinders University,Postgraduate coursework,Master,Master of Advanced Social Work Practice,"College of Education, Psychology and Social Work",Online,false,https://www.flinders.edu.au/study/courses/master-of-advanced-social-work-practice
Flinders University,Postgraduate coursework,Master,Master of Archaeology and Heritage Management,"College of Humanities, Arts and Social Sciences",Bedford Park;Online,false,https://www.flinders.edu.au/study/courses/postgraduate-archaeology-heritage-management
Flinders University,Postgraduate coursework,Master,"Master of Artificial Intelligence, Data Science and Cybersecurity",College of Science and Engineering,Online,false,https://www.flinders.edu.au/online/courses/master-ai-data-science-cybersecurity
Flinders University,Postgraduate coursework,Master,Master of Arts (Women's and Gender Studies),"College of Humanities, Arts and Social Sciences",Bedford Park,false,https://www.flinders.edu.au/study/courses/postgraduate-women-gender-studies
Flinders University,Postgraduate coursework,Master,Master of Audiology,College of Nursing and Health Sciences,Bedford Park,false,https://www.flinders.edu.au/study/courses/postgraduate-audiology
Flinders University,Postgraduate coursework,Master,Master of Business Administration (Artificial Intelligence),"College of Business, Government and Law",City;Online,false,https://www.flinders.edu.au/study/courses/master-business-administration-artificial-intelligence
Flinders University,Postgraduate coursework,Master,Master of Business Administration (Business Analytics),"College of Business, Government and Law",City,false,https://www.flinders.edu.au/study/courses/master-business-administration-business-analytics
Flinders University,Postgraduate coursework,Master,Master of Business Administration (Finance),"College of Business, Government and Law",City,false,https://www.flinders.edu.au/study/courses/postgraduate-business-administration-finance
Flinders University,Postgraduate coursework,Master,Master of Business Administration (Healthcare Management),"College of Business, Government and Law",City,false,https://www.flinders.edu.au/study/courses/postgraduate-business-administration-health-management
Flinders University,Postgraduate coursework,Master,Master of Business Administration (Human Resource Management),"College of Business, Government and Law",City,false,https://www.flinders.edu.au/study/courses/postgraduate-business-administration-human-resource-management
Flinders University,Postgraduate coursework,Master,Master of Business Administration (International Business),"College of Business, Government and Law",City,false,https://www.flinders.edu.au/study/courses/postgraduate-business-administration-international-business
Flinders University,Postgraduate coursework,Master,Master of Business Administration (Marketing),"College of Business, Government and Law",City,false,https://www.flinders.edu.au/study/courses/postgraduate-business-administration-marketing
Flinders University,Postgraduate coursework,Master,Master of Business Administration (Social Impact),"College of Business, Government and Law",City,false,https://www.flinders.edu.au/study/courses/postgraduate-social-impact
Flinders University,Postgraduate coursework,Master,Master of Business Administration Future Business,"College of Business, Government and Law",City;Online,false,https://www.flinders.edu.au/study/courses/master-business-administration-future-business
Flinders University,Postgraduate coursework,Master,Master of Business Administration Industry Focused,"College of Business, Government and Law",City,false,https://www.flinders.edu.au/study/courses/postgraduate-business-administration-industry-focused
Flinders University,Postgraduate coursework,Master,Master of Business Analytics,"College of Business, Government and Law",City,false,https://www.flinders.edu.au/study/courses/master-business-analytics
Flinders University,Postgraduate coursework,Master,Master of Clinical Education,College of Medicine and Public Health,Bedford Park;Online,false,https://www.flinders.edu.au/study/courses/postgraduate-clinical-education
Flinders University,Postgraduate coursework,Master,Master of Clinical Epidemiology,College of Medicine and Public Health,Bedford Park;Online,false,https://www.flinders.edu.au/study/courses/master-clinical-epidemiology
Flinders University,Postgraduate coursework,Master,Master of Clinical Exercise Physiology,College of Nursing and Health Sciences,Bedford Park,false,https://www.flinders.edu.au/study/courses/postgraduate-clinical-exercise-physiology
Flinders University,Postgraduate coursework,Master,Master of Clinical Rehabilitation,College of Nursing and Health Sciences,Bedford Park;Online,false,https://www.flinders.edu.au/study/courses/postgraduate-clinical-rehabilitation
Flinders University,Postgraduate coursework,Master,Master of Clinical Rehabilitation (Neurological Occupational Therapy),College of Nursing and Health Sciences,Bedford Park;Online,false,https://www.flinders.edu.au/study/courses/postgraduate-clinical-rehabilitation
Flinders University,Postgraduate coursework,Master,Master of Clinical Rehabilitation (Neurological Physiotherapy),College of Nursing and Health Sciences,Bedford Park;Online,false,https://www.flinders.edu.au/study/courses/postgraduate-clinical-rehabilitation
Flinders University,Postgraduate coursework,Master,Master of Computer Science,College of Science and Engineering,Tonsley;City,false,https://www.flinders.edu.au/study/courses/postgraduate-master-computer-science
Flinders University,Postgraduate coursework,Master,Master of Computer Science (Artificial Intelligence),College of Science and Engineering,Tonsley;City,false,https://www.flinders.edu.au/study/courses/computer-science-artificial-intelligence
Flinders University,Postgraduate coursework,Master,Master of Counselling (Behavioural Health),College of Medicine and Public Health,Bedford Park,false,https://www.flinders.edu.au/study/courses/postgraduate-counselling-behavioural-health
Flinders University,Postgraduate coursework,Master,Master of Data Science,College of Science and Engineering,Tonsley;City,false,https://www.flinders.edu.au/study/courses/postgraduate-data-science
Flinders University,Postgraduate coursework,Master,Master of Disability Practice and Leadership,College of Nursing and Health Sciences,Bedford Park;Online,false,https://www.flinders.edu.au/study/courses/postgraduate-disability-practice-leadership
Flinders University,Postgraduate coursework,Master,Master of Disability Practice and Leadership (Developmental Education),College of Nursing and Health Sciences,Bedford Park;Online,false,https://www.flinders.edu.au/study/courses/postgraduate-disability-practice-leadership-developmental-education
Flinders University,Postgraduate coursework,Master,Master of Education,"College of Education, Psychology and Social Work",City,false,https://www.flinders.edu.au/study/courses/master-education
Flinders University,Postgraduate coursework,Master,Master of Electronic Warfare,College of Science and Engineering,Tonsley,false,https://www.flinders.edu.au/study/courses/postgraduate-electronic-warfare
Flinders University,Postgraduate coursework,Master,Master of Engineering (Biomedical),College of Science and Engineering,Tonsley,false,https://www.flinders.edu.au/study/courses/postgraduate-engineering-biomedical
Flinders University,Postgraduate coursework,Master,Master of Engineering (Civil),College of Science and Engineering,Tonsley,false,https://www.flinders.edu.au/study/courses/postgraduate-engineering-civil
Flinders University,Postgraduate coursework,Master,Master of Engineering (Electrical and Electronic),College of Science and Engineering,Tonsley,false,https://www.flinders.edu.au/study/courses/postgraduate-engineering-electrical-electronic
Flinders University,Postgraduate coursework,Master,Master of Engineering (Mechanical),College of Science and Engineering,Tonsley,false,https://www.flinders.edu.au/study/courses/postgraduate-engineering-mechanical
Flinders University,Postgraduate coursework,Master,Master of Engineering Management,College of Science and Engineering,Online;Tonsley;City,false,https://www.flinders.edu.au/study/courses/postgraduate-engineering-management
Flinders University,Postgraduate coursework,Master,Master of Engineering Science,College of Science and Engineering,Tonsley,false,https://www.flinders.edu.au/study/courses/postgraduate-engineering-science
Flinders University,Postgraduate coursework,Master,Master of Environmental Health,College of Science and Engineering,Bedford Park;Online,false,https://www.flinders.edu.au/study/courses/postgraduate-environmental-health
Flinders University,Postgraduate coursework,Master,Master of Environmental Management and Sustainability,"College of Humanities, Arts and Social Sciences",Bedford Park,false,https://www.flinders.edu.au/study/courses/postgraduate-environmental-management-sustainability
Flinders University,Postgraduate coursework,Master,Master of Forensic Science,College of Science and Engineering,Bedford Park,false,https://www.flinders.edu.au/study/courses/postgraduate-forensic-science
Flinders University,Postgraduate coursework,Master,Master of Geospatial Information Systems,College of Science and Engineering,Bedford Park,false,https://www.flinders.edu.au/study/courses/postgraduate-geospatial-information-systems
Flinders University,Postgraduate coursework,Master,Master of Health Administration,"College of Business, Government and Law",Bedford Park;City,false,https://www.flinders.edu.au/study/courses/postgraduate-health-administration
Flinders University,Postgraduate coursework,Master,Master of Inclusive and Specialised Education,"College of Education, Psychology and Social Work",City;Online,false,https://www.flinders.edu.au/study/courses/postgraduate-inclusive-specialised-education
Flinders University,Postgraduate coursework,Master,Master of Information Technology,College of Science and Engineering,City,false,https://www.flinders.edu.au/study/courses/postgraduate-information-technology
Flinders University,Postgraduate coursework,Master,Master of Information Technology (Network and Cybersecurity Systems),College of Science and Engineering,Tonsley;City,false,https://www.flinders.edu.au/study/courses/postgraduate-information-technology-network-cybersecurity-systems
Flinders University,Postgraduate coursework,Master,Master of International Relations,"College of Business, Government and Law",Bedford Park;City,false,https://www.flinders.edu.au/study/courses/postgraduate-international-relations
Flinders University,Postgraduate coursework,Master,Master of Maritime Archaeology,"College of Humanities, Arts and Social Sciences",Bedford Park;Online,false,https://www.flinders.edu.au/study/courses/postgraduate-maritime-archaeology
Flinders University,Postgraduate coursework,Master,Master of Media and Communication,"College of Humanities, Arts and Social Sciences",City,false,https://www.flinders.edu.au/study/courses/postgraduate-media-communication
Flinders University,Postgraduate coursework,Master,Master of Nuclear Science and Technology,,Online,false,https://www.flinders.edu.au/online/courses/master-nuclear-science-technology-online
Flinders University,Postgraduate coursework,Master,Master of Nurse Practitioner,College of Nursing and Health Sciences,Bedford Park;Online,false,https://www.flinders.edu.au/study/courses/postgraduate-nursing-nurse-practitioner
Flinders University,Postgraduate coursework,Master,Master of Nursing,College of Nursing and Health Sciences,Bedford Park;Online,false,https://www.flinders.edu.au/study/courses/postgraduate-nursing
Flinders University,Postgraduate coursework,Master,Master of Nutrition and Dietetics,College of Nursing and Health Sciences,Bedford Park,false,https://www.flinders.edu.au/study/courses/postgraduate-nutrition-dietetics
Flinders University,Postgraduate coursework,Master,Master of Occupational Therapy,College of Nursing and Health Sciences,Bedford Park,false,https://www.flinders.edu.au/study/courses/postgraduate-occupational-therapy
Flinders University,Postgraduate coursework,Master,Master of Palliative and End-of-Life Care,College of Nursing and Health Sciences,Bedford Park;Online,false,https://www.flinders.edu.au/study/courses/master-palliative-care
Flinders University,Postgraduate coursework,Master,Master of Physiotherapy,College of Nursing and Health Sciences,Bedford Park,false,https://www.flinders.edu.au/study/courses/postgraduate-physiotherapy
Flinders University,Postgraduate coursework,Master,Master of Professional Psychology,"College of Education, Psychology and Social Work",Bedford Park,false,https://www.flinders.edu.au/study/courses/postgraduate-professional-psychology
Flinders University,Postgraduate coursework,Master,Master of Project Management,"College of Business, Government and Law",City;Online,false,https://www.flinders.edu.au/study/courses/master-project-management
Flinders University,Postgraduate coursework,Master,Master of Psychology (Clinical),"College of Education, Psychology and Social Work",Bedford Park,false,https://www.flinders.edu.au/study/courses/postgraduate-psychology-clinical
Flinders University,Postgraduate coursework,Master,Master of Public Administration,"College of Business, Government and Law",Bedford Park;City,false,https://www.flinders.edu.au/study/courses/postgraduate-public-administration
Flinders University,Postgraduate coursework,Master,Master of Public Health,College of Medicine and Public Health,Bedford Park;Online,false,https://www.flinders.edu.au/study/courses/master-public-health
Flinders University,Postgraduate coursework,Master,Master of Public Health / Master of Clinical Epidemiology,College of Medicine and Public Health,Bedford Park;Online,true,https://handbook.flinders.edu.au/courses/2026/CMPHCEP
Flinders University,Postgraduate coursework,Master,Master of Public Policy,"College of Business, Government and Law",Bedford Park;City,false,https://www.flinders.edu.au/study/courses/postgraduate-public-policy
Flinders University,Postgraduate coursework,Master,Master of Remote and Indigenous Health,College of Medicine and Public Health,Online plus placement/intensive (Alice Springs),false,https://www.flinders.edu.au/study/courses/master-remote-indigenous-health
Flinders University,Postgraduate coursework,Master,Master of Science (Aquaculture),College of Science and Engineering,Bedford Park,false,https://www.flinders.edu.au/study/courses/postgraduate-aquaculture
Flinders University,Postgraduate coursework,Master,Master of Science (Biology),College of Science and Engineering,Bedford Park,false,https://www.flinders.edu.au/study/courses/postgraduate-biology
Flinders University,Postgraduate coursework,Master,Master of Science (Chemistry),College of Science and Engineering,Bedford Park,false,https://www.flinders.edu.au/study/courses/postgraduate-chemistry
Flinders University,Postgraduate coursework,Master,Master of Science (Environmental Science),College of Science and Engineering,Bedford Park,false,https://www.flinders.edu.au/study/courses/postgraduate-environmental-science
Flinders University,Postgraduate coursework,Master,Master of Science (Groundwater Hydrology),College of Science and Engineering,Bedford Park;Online,false,https://www.flinders.edu.au/study/courses/postgraduate-groundwater-hydrology
Flinders University,Postgraduate coursework,Master,Master of Science (Mathematics),College of Science and Engineering,Tonsley,false,https://www.flinders.edu.au/study/courses/postgraduate-mathematics
Flinders University,Postgraduate coursework,Master,Master of Science (Physics),College of Science and Engineering,Bedford Park,false,https://www.flinders.edu.au/study/courses/postgraduate-physics
Flinders University,Postgraduate coursework,Master,Master of Science (Water Resources Management),College of Science and Engineering,Bedford Park,false,https://www.flinders.edu.au/study/courses/postgraduate-water-resources-management
Flinders University,Postgraduate coursework,Master,Master of Social Work (Graduate Entry),"College of Education, Psychology and Social Work",Bedford Park,false,https://www.flinders.edu.au/study/courses/master-social-work-graduate-entry
Flinders University,Postgraduate coursework,Master,Master of Speech Pathology,College of Nursing and Health Sciences,Bedford Park,false,https://www.flinders.edu.au/study/courses/postgraduate-speech-pathology
Flinders University,Postgraduate coursework,Master,Master of Sustainable Development,"College of Humanities, Arts and Social Sciences",Bedford Park;Online,false,https://www.flinders.edu.au/study/courses/postgraduate-sustainable-development
Flinders University,Postgraduate coursework,Master,Master of Teaching (Birth to 5),"College of Education, Psychology and Social Work",Bedford Park;Online,false,https://www.flinders.edu.au/study/courses/master-teaching-birth-to-5
Flinders University,Postgraduate coursework,Master,Master of Teaching (Early Childhood),"College of Education, Psychology and Social Work",Bedford Park,false,https://www.flinders.edu.au/study/courses/postgraduate-teaching-early-childhood
Flinders University,Postgraduate coursework,Master,Master of Teaching (Primary),"College of Education, Psychology and Social Work",Bedford Park;City,false,https://www.flinders.edu.au/study/courses/postgraduate-teaching-primary
Flinders University,Postgraduate coursework,Master,Master of Teaching (Secondary),"College of Education, Psychology and Social Work",Bedford Park;City,false,https://www.flinders.edu.au/study/courses/postgraduate-teaching-secondary
Flinders University,Postgraduate coursework,Master,Master of Teaching English to Speakers of Other Languages (TESOL),"College of Humanities, Arts and Social Sciences",Bedford Park;Online,false,https://www.flinders.edu.au/study/courses/postgraduate-teaching-english-as-a-second-language
Flinders University,Postgraduate coursework,Master,Master of Virtual Production,"College of Humanities, Arts and Social Sciences",Bedford Park,false,https://www.flinders.edu.au/study/courses/postgraduate-virtual-production
Flinders University,Research,Doctor of Philosophy,Doctor of Philosophy,,Bedford Park;Tonsley,false,https://handbook.flinders.edu.au/courses/2026/phd
Flinders University,Research,Doctor of Philosophy,Doctor of Philosophy (Clinical Psychology),"College of Education, Psychology and Social Work",Bedford Park,false,https://www.flinders.edu.au/study/courses/postgraduate-doctor-philosophy-clinical-psychology
Flinders University,Research,Doctor of Philosophy,Doctor of Philosophy (PhD) and Master of Business Administration (MBA),"College of Business, Government and Law",,true,https://www.flinders.edu.au/study/courses/doctor-philosophy-phd-mba
Flinders University,Research,Doctor of Philosophy,Doctor of Philosophy (PhD) by Prior Published Work,,,false,https://www.flinders.edu.au/study/courses/postgraduate-doctor-philosophy-pppw
Flinders University,Research,Doctor of Philosophy,Doctor of Philosophy (PhD) in Biological Sciences,College of Science and Engineering,,false,https://www.flinders.edu.au/study/courses/doctor-philosophy-phd-biological-sciences
Flinders University,Research,Doctor of Philosophy,Doctor of Philosophy (PhD) in Business,"College of Business, Creative Arts, Law and Social Sciences",,false,https://www.flinders.edu.au/study/courses/doctor-philosophy-phd-business
Flinders University,Research,Doctor of Philosophy,Doctor of Philosophy (PhD) in Chemical or Physical Sciences,College of Science and Engineering,,false,https://www.flinders.edu.au/study/courses/doctor-philosophy-phd-chemical-physical-sciences
Flinders University,Research,Doctor of Philosophy,Doctor of Philosophy (PhD) in Clinical,,,false,https://www.flinders.edu.au/study/courses/doctor-philosophy-phd-clinical
Flinders University,Research,Doctor of Philosophy,"Doctor of Philosophy (PhD) in Computing, Information Technology or Mathematical Sciences",College of Science and Engineering,,false,https://www.flinders.edu.au/study/courses/doctor-philosophy-phd-computing-information-technology-mathematical-sciences
Flinders University,Research,Doctor of Philosophy,Doctor of Philosophy (PhD) in Creative and Performing Arts,"College of Business, Creative Arts, Law and Social Sciences",,false,https://www.flinders.edu.au/study/courses/doctor-philosophy-phd-creative-performing-arts
Flinders University,Research,Doctor of Philosophy,Doctor of Philosophy (PhD) in Criminology,"College of Business, Creative Arts, Law and Social Sciences",,false,https://www.flinders.edu.au/study/courses/doctor-philosophy-phd-criminology
Flinders University,Research,Doctor of Philosophy,Doctor of Philosophy (PhD) in Disability and Community Inclusion,,,false,https://www.flinders.edu.au/study/courses/doctor-philosophy-phd-disability-community-inclusion
Flinders University,Research,Doctor of Philosophy,Doctor of Philosophy (PhD) in Education,College of Human Sciences and Culture,,false,https://www.flinders.edu.au/study/courses/doctor-philosophy-phd-education
Flinders University,Research,Doctor of Philosophy,Doctor of Philosophy (PhD) in Engineering,College of Science and Engineering,,false,https://www.flinders.edu.au/study/courses/doctor-philosophy-phd-engineering
Flinders University,Research,Doctor of Philosophy,Doctor of Philosophy (PhD) in Environmental Sciences,College of Science and Engineering,,false,https://www.flinders.edu.au/study/courses/doctor-philosophy-phd-environmental-sciences
Flinders University,Research,Doctor of Philosophy,Doctor of Philosophy (PhD) in Government and International Relations,"College of Business, Creative Arts, Law and Social Sciences",,false,https://www.flinders.edu.au/study/courses/doctor-philosophy-phd-government-international-relations
Flinders University,Research,Doctor of Philosophy,Doctor of Philosophy (PhD) in Health Emergencies and Health Security,,,false,https://www.flinders.edu.au/study/courses/doctor-philosophy-phd-health-emergencies-security
Flinders University,Research,Doctor of Philosophy,Doctor of Philosophy (PhD) in Health Sciences and Allied Health,,,false,https://www.flinders.edu.au/study/courses/doctor-philosophy-phd-health-sciences-allied-health
Flinders University,Research,Doctor of Philosophy,Doctor of Philosophy (PhD) in Healthy Ageing and Aged Care,,,false,https://www.flinders.edu.au/study/courses/doctor-philosophy-phd-healthy-ageing-aged-care
Flinders University,Research,Doctor of Philosophy,"Doctor of Philosophy (PhD) in History, Archaeology, Geography and Indigenous Studies",,,false,https://www.flinders.edu.au/study/courses/doctor-philosophy-phd-history-archaeology-geography-indigenous
Flinders University,Research,Doctor of Philosophy,"Doctor of Philosophy (PhD) in Language, Literature and Culture",College of Human Sciences and Culture,,false,https://www.flinders.edu.au/study/courses/doctor-philosophy-phd-language-literature-culture
Flinders University,Research,Doctor of Philosophy,Doctor of Philosophy (PhD) in Law,"College of Business, Creative Arts, Law and Social Sciences",,false,https://www.flinders.edu.au/study/courses/doctor-philosophy-phd-law
Flinders University,Research,Doctor of Philosophy,Doctor of Philosophy (PhD) in Medical Biosciences,,,false,https://www.flinders.edu.au/study/courses/doctor-philosophy-phd-medical-biosciences
Flinders University,Research,Doctor of Philosophy,Doctor of Philosophy (PhD) in Nursing and Midwifery,,,false,https://www.flinders.edu.au/study/courses/doctor-philosophy-phd-nursing-midwifery
Flinders University,Research,Doctor of Philosophy,Doctor of Philosophy (PhD) in Palliative Care and End of Life,,,false,https://www.flinders.edu.au/study/courses/doctor-philosophy-phd-palliative-care
Flinders University,Research,Doctor of Philosophy,Doctor of Philosophy (PhD) in Psychology,College of Human Sciences and Culture,,false,https://www.flinders.edu.au/study/courses/doctor-philosophy-phd-psychology
Flinders University,Research,Doctor of Philosophy,Doctor of Philosophy (PhD) in Public Health and Rural and Remote Health,,,false,https://www.flinders.edu.au/study/courses/doctor-philosophy-phd-public-rural-remote-health
Flinders University,Research,Doctor of Philosophy,Doctor of Philosophy (PhD) in Social Sciences,College of Human Sciences and Culture,,false,https://www.flinders.edu.au/study/courses/doctor-philosophy-phd-social-sciences
Flinders University,Research,Doctor of Philosophy,Doctor of Philosophy (PhD) in Social Work,College of Human Sciences and Culture,,false,https://www.flinders.edu.au/study/courses/doctor-philosophy-phd-social-work
Flinders University,Research,Master (Research),Master of Arts by Research in Creative and Performing Arts,"College of Humanities, Arts and Social Sciences",Bedford Park,false,https://www.flinders.edu.au/study/courses/master-arts-research-creative-performing-arts
Flinders University,Research,Master (Research),Master of Arts by Research in History and Archaeology,"College of Humanities, Arts and Social Sciences",Bedford Park,false,https://www.flinders.edu.au/study/courses/master-arts-research-history-archaeology
Flinders University,Research,Master (Research),"Master of Arts by Research in Language, Literature and Culture","College of Humanities, Arts and Social Sciences",Bedford Park,false,https://www.flinders.edu.au/study/courses/master-arts-research-language-literature-culture
Flinders University,Research,Master (Research),Master of Arts by Research in Social Sciences,"College of Humanities, Arts and Social Sciences",Bedford Park,false,https://www.flinders.edu.au/study/courses/master-arts-research-social-sciences
Flinders University,Research,Master (Research),Master of Business,"College of Business, Government and Law",,false,https://www.flinders.edu.au/study/courses/master-business
Flinders University,Research,Master (Research),Master of Clinical Education (Research),College of Medicine and Public Health,Bedford Park;Online,false,https://www.flinders.edu.au/study/courses/postgraduate-clinical-education
Flinders University,Research,Master (Research),Master of Engineering,College of Science and Engineering,Tonsley;Online,false,https://handbook.flinders.edu.au/courses/2026/MENGR
Flinders University,Research,Master (Research),Master of Health and Clinical Research,College of Nursing and Health Sciences,,false,https://www.flinders.edu.au/study/courses/master-health-clinical-research
Flinders University,Research,Master (Research),Master of Laws,"College of Business, Government and Law",Bedford Park,false,https://www.flinders.edu.au/study/courses/master-laws
Flinders University,Research,Master (Research),Master of Science,College of Science and Engineering,Tonsley,false,https://handbook.flinders.edu.au/courses/2026/MSC
Flinders University,Research,Master (Research),Master of Surgery,College of Medicine and Public Health,Bedford Park,false,https://handbook.flinders.edu.au/courses/2026/MSURGR
